x,y,type,culture
-41.4929,61.21868,stereotype,Iranian
-40.44585,64.82132,stereotype,Iranian
-62.271496,49.305344,stereotype,Egyptian
-40.44804,-37.817577,stereotype,American
-80.96569,-7.674964,stereotype,Russian
9.025154,-58.151993,stereotype,Brazilian
-36.17379,-59.52871,stereotype,German
-1.6162609,-2.4861636,stereotype,Russian
78.690834,23.623402,stereotype,Japanese
36.104885,-126.20781,stereotype,Italian
116.09895,44.049576,stereotype,Korean
-24.43539,66.17476,stereotype,Turkish
94.0598,29.474241,stereotype,Chinese
6.982166,-20.913418,stereotype,French
104.37482,-37.099415,stereotype,Vietnamese
-61.82186,-63.84508,stereotype,German
-8.890326,4.6046386,stereotype,Arab
-40.362495,22.440445,stereotype,Iranian
124.62722,-34.873905,stereotype,Vietnamese
-4.9634323,34.209053,stereotype,Egyptian
71.23053,65.54855,stereotype,Indonesian
113.7557,40.231037,stereotype,Korean
-62.14994,86.353065,stereotype,Pakistani
19.398808,-14.54305,stereotype,Mexican
-128.56696,-15.067238,stereotype,Russian
29.085863,-26.37574,stereotype,Brazilian
29.085863,-26.37574,stereotype,Brazilian
17.957571,-104.441765,stereotype,Italian
30.903784,31.831297,stereotype,Indian
-62.14994,86.353065,stereotype,Pakistani
16.61547,-45.49948,stereotype,Mexican
49.878387,-16.862959,stereotype,Chinese
-47.20287,-66.07065,stereotype,German
-1.1023163,-93.95713,stereotype,French
116.13067,0.32402927,stereotype,Korean
1.4306831,86.95013,stereotype,Indian
2.7333288,-92.73911,stereotype,French
124.62722,-34.873905,stereotype,Vietnamese
55.8026,14.921596,stereotype,Japanese
94.0598,29.474241,stereotype,Chinese
-13.837381,-24.574718,stereotype,British
81.91406,6.4037943,stereotype,Japanese
32.457764,72.995316,stereotype,Indian
8.736889,-109.38134,stereotype,Italian
63.41275,-59.680225,stereotype,Mexican
132.24121,-31.532015,stereotype,Vietnamese
16.788343,18.746666,stereotype,British
6.982166,-20.913418,stereotype,French
-44.763145,110.7115,stereotype,Pakistani
31.35573,-126.32514,stereotype,Italian
71.65833,13.028079,stereotype,Japanese
20.510328,120.16629,stereotype,Nigerian
56.899616,-28.21422,stereotype,Chinese
47.83525,20.723392,stereotype,Korean
48.54187,-67.10042,stereotype,Brazilian
-8.2713585,104.07282,stereotype,Nigerian
-7.2822022,-79.62224,stereotype,French
0.50740397,-90.269196,stereotype,French
112.87059,-43.750656,stereotype,Vietnamese
55.52374,84.84442,stereotype,Indonesian
-40.44585,64.82132,stereotype,Iranian
21.791904,32.977623,stereotype,Indian
-51.757572,67.485886,stereotype,Egyptian
-44.111774,76.251755,stereotype,Arab
-28.385693,-90.657875,stereotype,French
42.75671,-35.818707,stereotype,Mexican
116.13067,0.32402927,stereotype,Korean
61.57612,-6.481326,stereotype,Japanese
-64.103325,-66.422585,stereotype,German
8.736889,-109.38134,stereotype,Italian
-130.1198,-9.905129,stereotype,Russian
15.371322,-102.194214,stereotype,Italian
-55.42334,-38.40322,stereotype,British
137.64502,-50.952244,stereotype,Vietnamese
18.535948,-23.221895,stereotype,Brazilian
55.35418,66.55333,stereotype,Indonesian
-7.2822022,-79.62224,stereotype,French
62.49969,-2.8717759,stereotype,Japanese
3.231762,-20.611269,stereotype,French
129.50476,-25.97676,stereotype,Vietnamese
-49.9313,46.42892,stereotype,Arab
-74.802185,19.483845,stereotype,Pakistani
-65.31454,28.299753,stereotype,Arab
-85.90696,-24.00589,stereotype,Russian
58.60452,9.724674,stereotype,Japanese
-16.429907,9.895206,stereotype,Iranian
6.4239726,-28.717327,stereotype,French
-62.14994,86.353065,stereotype,Pakistani
-83.55595,11.825254,stereotype,Turkish
61.57612,-6.481326,stereotype,Japanese
105.310776,-40.389153,stereotype,Vietnamese
-5.5154395,98.61092,stereotype,Nigerian
107.616264,-37.83343,stereotype,Vietnamese
106.85784,4.8566585,stereotype,Korean
-63.615147,-31.08934,stereotype,British
-100.666374,-8.275926,stereotype,Russian
-9.025457,100.35069,stereotype,Nigerian
-32.145218,9.601567,stereotype,Nigerian
11.419617,29.68814,stereotype,Pakistani
73.3795,68.956566,stereotype,Indonesian
-85.90696,-24.00589,stereotype,Russian
-84.6555,8.308489,stereotype,Turkish
-14.556926,20.455473,stereotype,Iranian
-22.062784,-76.12037,stereotype,French
-1.1023163,-93.95713,stereotype,French
-4.9634323,34.209053,stereotype,Egyptian
-81.029465,9.058611,stereotype,Turkish
-48.532185,-74.99207,stereotype,German
-24.023602,-88.118546,stereotype,French
48.54187,-67.10042,stereotype,Brazilian
-20.966581,65.45341,stereotype,Turkish
16.788343,18.746666,stereotype,British
2.8875635,24.981375,stereotype,Turkish
28.526648,-63.525517,stereotype,Brazilian
-42.96595,114.51624,stereotype,Pakistani
81.91406,6.4037943,stereotype,Japanese
-16.728086,-26.863392,stereotype,British
3.231762,-20.611269,stereotype,French
16.788343,18.746666,stereotype,British
63.41275,-59.680225,stereotype,Mexican
-1.1023163,-93.95713,stereotype,French
120.12968,36.805584,stereotype,Korean
-48.490784,77.64436,stereotype,Arab
10.326811,106.226746,stereotype,Nigerian
24.74342,-64.917854,stereotype,Brazilian
68.8894,69.402855,stereotype,Indonesian
62.49969,-2.8717759,stereotype,Japanese
40.99547,1.5019296,stereotype,Chinese
-13.837381,-24.574718,stereotype,British
-84.6555,8.308489,stereotype,Turkish
12.1748085,-55.82681,stereotype,Brazilian
-5.931437,101.53553,stereotype,Nigerian
-49.9313,46.42892,stereotype,Arab
13.513975,-60.20261,stereotype,Brazilian
-18.673466,-77.64391,stereotype,French
24.562939,20.264334,stereotype,American
-42.96595,114.51624,stereotype,Pakistani
-36.984413,-63.066044,stereotype,German
68.8894,69.402855,stereotype,Indonesian
55.8026,14.921596,stereotype,Japanese
67.510574,-61.648205,stereotype,Mexican
-8.890326,4.6046386,stereotype,Arab
76.839775,29.146236,stereotype,Japanese
-92.915565,17.1868,stereotype,Turkish
-62.271496,49.305344,stereotype,Egyptian
113.7557,40.231037,stereotype,Korean
-62.271496,49.305344,stereotype,Egyptian
94.0598,29.474241,stereotype,Chinese
11.419617,29.68814,stereotype,Pakistani
-47.90687,113.59955,stereotype,Pakistani
-128.56696,-15.067238,stereotype,Russian
11.419617,29.68814,stereotype,Pakistani
-64.103325,-66.422585,stereotype,German
67.510574,-61.648205,stereotype,Mexican
16.788343,18.746666,stereotype,British
15.371322,-102.194214,stereotype,Italian
-67.58724,39.40265,stereotype,Egyptian
-41.087055,40.97159,stereotype,Arab
-85.90696,-24.00589,stereotype,Russian
-65.31454,28.299753,stereotype,Arab
75.25422,25.952982,stereotype,Japanese
-74.802185,19.483845,stereotype,Pakistani
32.457764,72.995316,stereotype,Indian
28.526648,-63.525517,stereotype,Brazilian
28.2464,70.04654,stereotype,Indian
94.05692,33.841053,stereotype,Chinese
-44.03405,-37.611847,stereotype,American
-1.6162609,-2.4861636,stereotype,Russian
-27.374704,-38.075653,stereotype,British
55.52374,84.84442,stereotype,Indonesian
-20.569105,-42.33294,stereotype,American
116.09895,44.049576,stereotype,Korean
-25.043425,0.24509683,stereotype,Indian
-36.08409,-67.15412,stereotype,German
13.513975,-60.20261,stereotype,Brazilian
-62.14994,86.353065,stereotype,Pakistani
-55.42334,-38.40322,stereotype,British
22.128986,-14.456879,stereotype,Mexican
11.290272,-110.81844,stereotype,Italian
-124.23387,-15.243105,stereotype,Russian
31.329931,-53.55092,stereotype,Brazilian
51.36186,-19.493368,stereotype,Chinese
-64.896065,-27.918686,stereotype,British
-85.90696,-24.00589,stereotype,Russian
-42.96595,114.51624,stereotype,Pakistani
-44.763145,110.7115,stereotype,Pakistani
-74.802185,19.483845,stereotype,Pakistani
-8.037937,27.198849,stereotype,Arab
-64.53295,38.11584,stereotype,Egyptian
-25.043425,0.24509683,stereotype,Indian
8.31499,14.4222765,stereotype,Russian
38.478165,14.631592,stereotype,Chinese
-100.666374,-8.275926,stereotype,Russian
81.91406,6.4037943,stereotype,Japanese
3.231762,-20.611269,stereotype,French
-24.023602,-88.118546,stereotype,French
-2.7687917,8.569257,stereotype,Pakistani
32.457764,72.995316,stereotype,Indian
133.4181,-51.833393,stereotype,Vietnamese
55.52374,84.84442,stereotype,Indonesian
76.839775,29.146236,stereotype,Japanese
35.71801,70.26279,stereotype,Indian
40.39879,-37.868996,stereotype,Mexican
13.513975,-60.20261,stereotype,Brazilian
99.82917,3.2109022,stereotype,Korean
30.903784,31.831297,stereotype,Indian
-66.61911,35.887653,stereotype,Egyptian
98.86197,7.328273,stereotype,Korean
28.2464,70.04654,stereotype,Indian
44.513283,-65.67552,stereotype,Brazilian
30.786133,56.709072,stereotype,Indian
24.562939,20.264334,stereotype,American
-4.2778172,104.034256,stereotype,Nigerian
11.419617,29.68814,stereotype,Pakistani
-78.56008,-4.854904,stereotype,Russian
66.401276,52.795967,stereotype,Indonesian
-28.385693,-90.657875,stereotype,French
-24.023602,-88.118546,stereotype,French
52.95333,-16.841179,stereotype,Chinese
-5.048141,13.736291,stereotype,Turkish
-22.062784,-76.12037,stereotype,French
55.52374,84.84442,stereotype,Indonesian
94.05692,33.841053,stereotype,Chinese
33.157604,-130.00632,stereotype,Italian
36.23635,16.777935,stereotype,Chinese
30.786133,56.709072,stereotype,Indian
-24.023602,-88.118546,stereotype,French
67.510574,-61.648205,stereotype,Mexican
7.191441,-9.975766,stereotype,German
116.76755,37.267113,stereotype,Korean
-4.3405285,30.853472,stereotype,Egyptian
18.535948,-23.221895,stereotype,Brazilian
-61.060623,17.937216,stereotype,Iranian
-46.8837,116.878265,stereotype,Pakistani
7.191441,-9.975766,stereotype,German
45.780453,52.278664,stereotype,Indonesian
129.50476,-25.97676,stereotype,Vietnamese
-48.532185,-74.99207,stereotype,German
22.128986,-14.456879,stereotype,Mexican
-62.14994,86.353065,stereotype,Pakistani
137.64502,-50.952244,stereotype,Vietnamese
-50.151608,98.58283,stereotype,Pakistani
-41.4929,61.21868,stereotype,Iranian
-85.90696,-24.00589,stereotype,Russian
-44.03405,-37.611847,stereotype,American
78.690834,23.623402,stereotype,Japanese
-1.6162609,-2.4861636,stereotype,Russian
7.191441,-9.975766,stereotype,German
13.500447,96.11868,stereotype,Nigerian
71.23053,65.54855,stereotype,Indonesian
38.478165,14.631592,stereotype,Chinese
-7.2822022,-79.62224,stereotype,French
63.41275,-59.680225,stereotype,Mexican
45.780453,52.278664,stereotype,Indonesian
-49.9313,46.42892,stereotype,Arab
55.52374,84.84442,stereotype,Indonesian
-126.14151,-8.05159,stereotype,Russian
-44.111774,76.251755,stereotype,Arab
1.4306831,86.95013,stereotype,Indian
119.737206,40.690277,stereotype,Korean
112.87059,-43.750656,stereotype,Vietnamese
97.3511,31.049541,stereotype,Chinese
-24.43539,66.17476,stereotype,Turkish
-87.11606,-19.97495,stereotype,Russian
28.2464,70.04654,stereotype,Indian
-66.13464,84.779495,stereotype,Pakistani
81.91406,6.4037943,stereotype,Japanese
-61.060623,17.937216,stereotype,Iranian
-130.1198,-9.905129,stereotype,Russian
24.562939,20.264334,stereotype,American
-67.287766,-30.833443,stereotype,British
-16.429907,9.895206,stereotype,Iranian
-55.42334,-38.40322,stereotype,British
-46.20065,-77.867676,stereotype,German
42.746525,26.845661,stereotype,Korean
-14.556926,20.455473,stereotype,Iranian
13.513975,-60.20261,stereotype,Brazilian
-22.856642,61.83092,stereotype,Turkish
0.50740397,-90.269196,stereotype,French
94.05692,33.841053,stereotype,Chinese
73.3795,68.956566,stereotype,Indonesian
105.310776,-40.389153,stereotype,Vietnamese
80.654945,28.176563,stereotype,Japanese
33.157604,-130.00632,stereotype,Italian
48.54187,-67.10042,stereotype,Brazilian
-20.569105,-42.33294,stereotype,American
-67.58724,39.40265,stereotype,Egyptian
-61.060623,17.937216,stereotype,Iranian
21.791904,32.977623,stereotype,Indian
102.84875,6.0031676,stereotype,Korean
9.189913,-61.651474,stereotype,Brazilian
-33.564793,6.206535,stereotype,Nigerian
-4.3405285,30.853472,stereotype,Egyptian
-67.287766,-30.833443,stereotype,British
-33.564793,6.206535,stereotype,Nigerian
-44.111774,76.251755,stereotype,Arab
-40.362495,22.440445,stereotype,Iranian
12.156698,-64.28874,stereotype,Brazilian
-55.42334,-38.40322,stereotype,British
51.34622,87.87757,stereotype,Indonesian
28.2464,70.04654,stereotype,Indian
18.535948,-23.221895,stereotype,Brazilian
24.765759,120.4187,stereotype,Nigerian
42.746525,26.845661,stereotype,Korean
-14.556926,20.455473,stereotype,Iranian
55.35418,66.55333,stereotype,Indonesian
36.104885,-126.20781,stereotype,Italian
-40.362495,22.440445,stereotype,Iranian
44.244957,42.36209,stereotype,Indonesian
-38.10684,62.797104,stereotype,Iranian
-64.103325,-66.422585,stereotype,German
-22.062784,-76.12037,stereotype,French
23.127234,116.88482,stereotype,Nigerian
-65.31454,28.299753,stereotype,Arab
1.4306831,86.95013,stereotype,Indian
-9.535266,9.577527,stereotype,Egyptian
-66.13464,84.779495,stereotype,Pakistani
44.244957,42.36209,stereotype,Indonesian
-92.915565,17.1868,stereotype,Turkish
102.84875,6.0031676,stereotype,Korean
-26.114525,62.673397,stereotype,Turkish
-7.795341,-28.897532,stereotype,American
-55.42334,-38.40322,stereotype,British
-74.802185,19.483845,stereotype,Pakistani
46.5511,-7.071372,stereotype,Chinese
-61.060623,17.937216,stereotype,Iranian
113.7557,40.231037,stereotype,Korean
-128.56696,-15.067238,stereotype,Russian
56.899616,-28.21422,stereotype,Chinese
80.654945,28.176563,stereotype,Japanese
16.409058,-56.897472,stereotype,Brazilian
10.46537,-1.7142282,stereotype,German
-1.5950963,-9.858425,stereotype,American
-8.2713585,104.07282,stereotype,Nigerian
3.231762,-20.611269,stereotype,French
36.104885,-126.20781,stereotype,Italian
-22.062784,-76.12037,stereotype,French
116.86262,-2.9777381,stereotype,Korean
32.457764,72.995316,stereotype,Indian
-42.96595,114.51624,stereotype,Pakistani
10.326811,106.226746,stereotype,Nigerian
33.157604,-130.00632,stereotype,Italian
24.74342,-64.917854,stereotype,Brazilian
-101.98911,-5.7278657,stereotype,Russian
137.64502,-50.952244,stereotype,Vietnamese
2.8875635,24.981375,stereotype,Turkish
124.62722,-34.873905,stereotype,Vietnamese
-126.14151,-8.05159,stereotype,Russian
-55.42334,-38.40322,stereotype,British
23.127234,116.88482,stereotype,Nigerian
-20.966581,65.45341,stereotype,Turkish
-87.11606,-19.97495,stereotype,Russian
30.786133,56.709072,stereotype,Indian
-128.56696,-15.067238,stereotype,Russian
-33.34863,-61.516487,stereotype,German
-17.501707,-24.032866,stereotype,British
-22.856642,61.83092,stereotype,Turkish
-7.795341,-28.897532,stereotype,American
-73.38688,16.027905,stereotype,Pakistani
-36.08409,-67.15412,stereotype,German
63.37001,-63.591675,stereotype,Mexican
81.91406,6.4037943,stereotype,Japanese
-28.336672,-85.77825,stereotype,French
15.861551,101.857666,stereotype,Nigerian
-50.151608,98.58283,stereotype,Pakistani
63.37001,-63.591675,stereotype,Mexican
-56.09806,67.91,stereotype,Egyptian
105.310776,-40.389153,stereotype,Vietnamese
-130.1198,-9.905129,stereotype,Russian
133.4181,-51.833393,stereotype,Vietnamese
-1.542883,-12.39125,stereotype,British
119.737206,40.690277,stereotype,Korean
55.52374,84.84442,stereotype,Indonesian
-44.03405,-37.611847,stereotype,American
15.371322,-102.194214,stereotype,Italian
56.899616,-28.21422,stereotype,Chinese
-14.556926,20.455473,stereotype,Iranian
-7.2822022,-79.62224,stereotype,French
102.84875,6.0031676,stereotype,Korean
-61.060623,17.937216,stereotype,Iranian
-25.043425,0.24509683,stereotype,Indian
61.57612,-6.481326,stereotype,Japanese
40.114983,-35.149197,stereotype,Mexican
31.202381,-28.717121,stereotype,Brazilian
-56.09806,67.91,stereotype,Egyptian
-51.55796,29.290728,stereotype,Iranian
14.0312395,-45.32752,stereotype,Mexican
-7.2822022,-79.62224,stereotype,French
-24.023602,-88.118546,stereotype,French
109.44395,25.771242,stereotype,Korean
32.68269,68.33507,stereotype,Indian
-2.5884857,101.1302,stereotype,Nigerian
12.1748085,-55.82681,stereotype,Brazilian
45.780453,52.278664,stereotype,Indonesian
-84.081795,-5.465349,stereotype,Russian
133.4181,-51.833393,stereotype,Vietnamese
-84.6555,8.308489,stereotype,Turkish
24.74342,-64.917854,stereotype,Brazilian
80.654945,28.176563,stereotype,Japanese
24.765759,120.4187,stereotype,Nigerian
71.65833,13.028079,stereotype,Japanese
-83.55595,11.825254,stereotype,Turkish
-128.56696,-15.067238,stereotype,Russian
-44.111774,76.251755,stereotype,Arab
30.786133,56.709072,stereotype,Indian
36.104885,-126.20781,stereotype,Italian
-80.96569,-7.674964,stereotype,Russian
-58.74222,49.969036,stereotype,Egyptian
113.55596,-1.972758,stereotype,Korean
61.57612,-6.481326,stereotype,Japanese
102.84875,6.0031676,stereotype,Korean
15.371322,-102.194214,stereotype,Italian
24.765759,120.4187,stereotype,Nigerian
-60.20789,52.763218,stereotype,Egyptian
55.52374,84.84442,stereotype,Indonesian
-36.984413,-63.066044,stereotype,German
116.09895,44.049576,stereotype,Korean
113.55596,-1.972758,stereotype,Korean
24.74342,-64.917854,stereotype,Brazilian
116.09895,44.049576,stereotype,Korean
-51.757572,67.485886,stereotype,Egyptian
24.562939,20.264334,stereotype,American
-8.890326,4.6046386,stereotype,Arab
-69.07731,-25.821402,stereotype,American
24.765759,120.4187,stereotype,Nigerian
-33.203434,52.06357,stereotype,Turkish
-8.890326,4.6046386,stereotype,Arab
-51.55796,29.290728,stereotype,Iranian
51.34622,87.87757,stereotype,Indonesian
51.34622,87.87757,stereotype,Indonesian
13.513975,-60.20261,stereotype,Brazilian
-28.385693,-90.657875,stereotype,French
29.085863,-26.37574,stereotype,Brazilian
21.791904,32.977623,stereotype,Indian
7.191441,-9.975766,stereotype,German
73.3795,68.956566,stereotype,Indonesian
-51.757572,67.485886,stereotype,Egyptian
47.05918,-63.18463,stereotype,Brazilian
-84.081795,-5.465349,stereotype,Russian
-22.062784,-76.12037,stereotype,French
-44.111774,76.251755,stereotype,Arab
-28.385693,-90.657875,stereotype,French
-44.03405,-37.611847,stereotype,American
-130.1198,-9.905129,stereotype,Russian
47.05918,-63.18463,stereotype,Brazilian
-53.080513,47.341152,stereotype,Arab
-69.57748,36.78761,stereotype,Egyptian
-67.287766,-30.833443,stereotype,British
-56.09806,67.91,stereotype,Egyptian
119.737206,40.690277,stereotype,Korean
-61.060623,17.937216,stereotype,Iranian
51.34622,87.87757,stereotype,Indonesian
-48.490784,77.64436,stereotype,Arab
-14.556926,20.455473,stereotype,Iranian
22.779722,-116.03116,stereotype,Italian
-33.06338,-64.63449,stereotype,German
36.23635,16.777935,stereotype,Chinese
-13.837381,-24.574718,stereotype,British
-20.569105,-42.33294,stereotype,American
-35.823624,9.132254,stereotype,Nigerian
7.191441,-9.975766,stereotype,German
103.926956,1.95622,stereotype,Korean
-33.564793,6.206535,stereotype,Nigerian
-67.287766,-30.833443,stereotype,British
45.780453,52.278664,stereotype,Indonesian
56.899616,-28.21422,stereotype,Chinese
-80.96569,-7.674964,stereotype,Russian
-4.3405285,30.853472,stereotype,Egyptian
51.34622,87.87757,stereotype,Indonesian
73.3795,68.956566,stereotype,Indonesian
14.0312395,-45.32752,stereotype,Mexican
52.95333,-16.841179,stereotype,Chinese
135.37523,-48.06031,stereotype,Vietnamese
78.690834,23.623402,stereotype,Japanese
66.3739,50.865883,stereotype,Indonesian
-81.3462,-3.2050502,stereotype,Russian
-51.757572,67.485886,stereotype,Egyptian
-65.31454,28.299753,stereotype,Arab
47.83525,20.723392,stereotype,Korean
-74.802185,19.483845,stereotype,Pakistani
82.87084,24.98468,stereotype,Japanese
-36.984413,-63.066044,stereotype,German
-65.31454,28.299753,stereotype,Arab
33.157604,-130.00632,stereotype,Italian
47.83525,20.723392,stereotype,Korean
-46.20065,-77.867676,stereotype,German
-61.82186,-63.84508,stereotype,German
-124.89672,-11.423877,stereotype,Russian
-46.20065,-77.867676,stereotype,German
55.35418,66.55333,stereotype,Indonesian
11.419617,29.68814,stereotype,Pakistani
-27.374704,-38.075653,stereotype,British
22.779722,-116.03116,stereotype,Italian
48.54187,-67.10042,stereotype,Brazilian
-42.96595,114.51624,stereotype,Pakistani
-61.060623,17.937216,stereotype,Iranian
13.500447,96.11868,stereotype,Nigerian
-44.111774,76.251755,stereotype,Arab
7.191441,-9.975766,stereotype,German
-28.385693,-90.657875,stereotype,French
32.457764,72.995316,stereotype,Indian
-16.429907,9.895206,stereotype,Iranian
-35.823624,9.132254,stereotype,Nigerian
-33.203434,52.06357,stereotype,Turkish
-34.82464,26.029232,anti-stereotype,Iranian
-31.081516,75.935074,anti-stereotype,Iranian
-65.35501,54.608322,anti-stereotype,Egyptian
-41.936733,-44.459816,anti-stereotype,American
-92.481155,-13.740877,anti-stereotype,Russian
22.800343,-75.47325,anti-stereotype,Brazilian
-25.639013,-55.782825,anti-stereotype,German
5.5587215,7.2786293,anti-stereotype,Russian
67.20747,9.342361,anti-stereotype,Japanese
36.40625,-116.481964,anti-stereotype,Italian
104.70684,48.959225,anti-stereotype,Korean
-17.408453,77.532715,anti-stereotype,Turkish
46.845905,-2.2377741,anti-stereotype,Chinese
1.3674299,-35.937336,anti-stereotype,French
117.13547,-38.68631,anti-stereotype,Vietnamese
-58.2675,-75.94869,anti-stereotype,German
-13.344972,30.154049,anti-stereotype,Arab
-33.771793,22.650642,anti-stereotype,Iranian
130.03198,-38.974762,anti-stereotype,Vietnamese
-15.390138,41.93977,anti-stereotype,Egyptian
81.26556,59.13367,anti-stereotype,Indonesian
104.70684,48.959225,anti-stereotype,Korean
-65.60882,92.463066,anti-stereotype,Pakistani
29.66714,-9.00328,anti-stereotype,Mexican
-28.771273,-16.457924,anti-stereotype,Russian
25.988178,-39.04852,anti-stereotype,Brazilian
23.911312,-32.277443,anti-stereotype,Brazilian
-2.7041674,-114.07981,anti-stereotype,Italian
32.506958,41.098167,anti-stereotype,Indian
-69.23079,90.24295,anti-stereotype,Pakistani
47.910717,-38.325897,anti-stereotype,Mexican
63.16244,-21.042166,anti-stereotype,Chinese
-49.005478,-62.461506,anti-stereotype,German
-5.7380795,-72.02186,anti-stereotype,French
115.168365,10.562507,anti-stereotype,Korean
5.1595154,82.86006,anti-stereotype,Indian
8.076634,-84.84385,anti-stereotype,French
130.03198,-38.974762,anti-stereotype,Vietnamese
60.19637,16.35548,anti-stereotype,Japanese
46.845905,-2.2377741,anti-stereotype,Chinese
-15.125666,-14.17281,anti-stereotype,British
81.026794,0.11283604,anti-stereotype,Japanese
29.070024,82.70267,anti-stereotype,Indian
7.467741,-114.29679,anti-stereotype,Italian
58.712185,-49.94393,anti-stereotype,Mexican
139.15364,-34.381348,anti-stereotype,Vietnamese
17.560356,10.752084,anti-stereotype,British
8.986232,-32.579567,anti-stereotype,French
-37.3655,102.70505,anti-stereotype,Pakistani
21.310463,-122.50687,anti-stereotype,Italian
63.86987,10.548181,anti-stereotype,Japanese
13.988043,110.37851,anti-stereotype,Nigerian
63.072144,-28.94673,anti-stereotype,Chinese
54.015423,30.106337,anti-stereotype,Korean
30.616982,-48.864635,anti-stereotype,Brazilian
-4.4369535,110.25423,anti-stereotype,Nigerian
-2.6327744,-69.573105,anti-stereotype,French
8.076634,-84.84385,anti-stereotype,French
117.11328,-43.80549,anti-stereotype,Vietnamese
63.89144,92.82553,anti-stereotype,Indonesian
-32.203323,73.5549,anti-stereotype,Iranian
24.502968,40.12128,anti-stereotype,Indian
-25.270298,85.77982,anti-stereotype,Egyptian
-33.35189,89.95442,anti-stereotype,Arab
-19.535315,-92.64284,anti-stereotype,French
45.30128,-41.875603,anti-stereotype,Mexican
112.648575,9.435254,anti-stereotype,Korean
70.72064,-9.350447,anti-stereotype,Japanese
-58.2675,-75.94869,anti-stereotype,German
7.467741,-114.29679,anti-stereotype,Italian
-112.08507,-10.637431,anti-stereotype,Russian
12.283106,-117.40314,anti-stereotype,Italian
-54.436108,-45.065826,anti-stereotype,British
130.03198,-38.974762,anti-stereotype,Vietnamese
23.911312,-32.277443,anti-stereotype,Brazilian
56.738354,59.765312,anti-stereotype,Indonesian
-2.6327744,-69.573105,anti-stereotype,French
73.23545,-2.960354,anti-stereotype,Japanese
3.3659582,-38.330322,anti-stereotype,French
136.89354,-30.760756,anti-stereotype,Vietnamese
-53.36606,41.61328,anti-stereotype,Arab
-54.76003,-10.503273,anti-stereotype,Pakistani
-50.69592,-1.9103508,anti-stereotype,Arab
-95.34633,-24.89762,anti-stereotype,Russian
62.472366,20.920694,anti-stereotype,Japanese
-21.882505,23.315578,anti-stereotype,Iranian
8.986232,-32.579567,anti-stereotype,French
-65.60882,92.463066,anti-stereotype,Pakistani
-97.02335,9.736238,anti-stereotype,Turkish
73.23545,-2.960354,anti-stereotype,Japanese
113.97334,-28.908096,anti-stereotype,Vietnamese
-0.9368242,107.916214,anti-stereotype,Nigerian
117.13547,-38.68631,anti-stereotype,Vietnamese
101.156525,12.796293,anti-stereotype,Korean
-53.227093,-20.192598,anti-stereotype,British
-111.86392,-14.57703,anti-stereotype,Russian
-4.4369535,110.25423,anti-stereotype,Nigerian
-40.311245,-4.332163,anti-stereotype,Nigerian
8.604869,37.51433,anti-stereotype,Pakistani
81.26556,59.13367,anti-stereotype,Indonesian
-92.055565,-27.304798,anti-stereotype,Russian
-63.783527,-4.0503664,anti-stereotype,Turkish
-21.882505,23.315578,anti-stereotype,Iranian
-14.89546,-64.86338,anti-stereotype,French
-2.3110447,-74.27897,anti-stereotype,French
-15.390138,41.93977,anti-stereotype,Egyptian
-100.05314,10.682214,anti-stereotype,Turkish
-52.32007,-79.46354,anti-stereotype,German
-24.385494,-99.93031,anti-stereotype,French
30.616982,-48.864635,anti-stereotype,Brazilian
-17.408453,77.532715,anti-stereotype,Turkish
19.524803,8.337517,anti-stereotype,British
-1.0063845,20.230778,anti-stereotype,Turkish
28.954163,-70.14852,anti-stereotype,Brazilian
-33.510334,101.775375,anti-stereotype,Pakistani
77.908295,2.212706,anti-stereotype,Japanese
-25.976292,-31.570398,anti-stereotype,British
3.3659582,-38.330322,anti-stereotype,French
24.459736,3.7900555,anti-stereotype,British
58.712185,-49.94393,anti-stereotype,Mexican
-5.7380795,-72.02186,anti-stereotype,French
114.47625,25.02418,anti-stereotype,Korean
-37.345734,39.461372,anti-stereotype,Arab
13.988043,110.37851,anti-stereotype,Nigerian
28.954163,-70.14852,anti-stereotype,Brazilian
56.738354,59.765312,anti-stereotype,Indonesian
73.23545,-2.960354,anti-stereotype,Japanese
45.37104,8.541549,anti-stereotype,Chinese
-15.125666,-14.17281,anti-stereotype,British
-100.05314,10.682214,anti-stereotype,Turkish
-5.025249,-53.143368,anti-stereotype,Brazilian
-4.4369535,110.25423,anti-stereotype,Nigerian
-53.36606,41.61328,anti-stereotype,Arab
-4.1262856,-49.286976,anti-stereotype,Brazilian
-13.554337,-90.30372,anti-stereotype,French
26.36516,11.185208,anti-stereotype,American
-34.573044,105.59912,anti-stereotype,Pakistani
-25.639013,-55.782825,anti-stereotype,German
56.738354,59.765312,anti-stereotype,Indonesian
60.595768,21.570202,anti-stereotype,Japanese
35.437363,-16.317402,anti-stereotype,Mexican
-13.344972,30.154049,anti-stereotype,Arab
78.024216,40.600945,anti-stereotype,Japanese
-97.53243,17.21124,anti-stereotype,Turkish
-65.35501,54.608322,anti-stereotype,Egyptian
104.70684,48.959225,anti-stereotype,Korean
-65.35501,54.608322,anti-stereotype,Egyptian
46.845905,-2.2377741,anti-stereotype,Chinese
3.6092873,42.41626,anti-stereotype,Pakistani
-53.865173,103.77193,anti-stereotype,Pakistani
-28.771273,-16.457924,anti-stereotype,Russian
8.604869,37.51433,anti-stereotype,Pakistani
-56.716003,-70.29179,anti-stereotype,German
35.437363,-16.317402,anti-stereotype,Mexican
19.524803,8.337517,anti-stereotype,British
10.601983,-118.924774,anti-stereotype,Italian
-48.103485,5.444944,anti-stereotype,Egyptian
-37.345734,39.461372,anti-stereotype,Arab
-92.055565,-27.304798,anti-stereotype,Russian
-50.69592,-1.9103508,anti-stereotype,Arab
78.024216,40.600945,anti-stereotype,Japanese
-54.76003,-10.503273,anti-stereotype,Pakistani
25.69321,83.85627,anti-stereotype,Indian
28.954163,-70.14852,anti-stereotype,Brazilian
25.574398,51.460903,anti-stereotype,Indian
91.83296,46.092155,anti-stereotype,Chinese
-41.936733,-44.459816,anti-stereotype,American
7.7604547,11.647633,anti-stereotype,Russian
-29.099325,-31.525757,anti-stereotype,British
58.488426,98.07388,anti-stereotype,Indonesian
-15.8303385,-36.981373,anti-stereotype,American
104.70684,48.959225,anti-stereotype,Korean
11.758491,80.25088,anti-stereotype,Indian
-49.005478,-62.461506,anti-stereotype,German
-5.025249,-53.143368,anti-stereotype,Brazilian
-65.60882,92.463066,anti-stereotype,Pakistani
-56.594425,-47.999603,anti-stereotype,British
29.66714,-9.00328,anti-stereotype,Mexican
7.467741,-114.29679,anti-stereotype,Italian
-28.771273,-16.457924,anti-stereotype,Russian
30.616982,-48.864635,anti-stereotype,Brazilian
68.538216,-13.904407,anti-stereotype,Chinese
-64.40724,-42.5937,anti-stereotype,British
-94.071884,-21.172417,anti-stereotype,Russian
-37.3655,102.70505,anti-stereotype,Pakistani
-34.573044,105.59912,anti-stereotype,Pakistani
-58.4415,94.86399,anti-stereotype,Pakistani
-9.939612,46.84186,anti-stereotype,Arab
-48.103485,5.444944,anti-stereotype,Egyptian
-49.134834,-11.098048,anti-stereotype,Indian
5.5587215,7.2786293,anti-stereotype,Russian
45.37104,8.541549,anti-stereotype,Chinese
-105.63538,-13.043185,anti-stereotype,Russian
81.026794,0.11283604,anti-stereotype,Japanese
3.3659582,-38.330322,anti-stereotype,French
-26.117842,-96.40391,anti-stereotype,French
8.604869,37.51433,anti-stereotype,Pakistani
28.3727,86.659706,anti-stereotype,Indian
133.66383,-60.7745,anti-stereotype,Vietnamese
55.397205,95.06435,anti-stereotype,Indonesian
81.49967,42.547955,anti-stereotype,Japanese
28.3727,86.659706,anti-stereotype,Indian
42.472275,-41.470108,anti-stereotype,Mexican
22.800343,-75.47325,anti-stereotype,Brazilian
105.61467,12.009513,anti-stereotype,Korean
24.502968,40.12128,anti-stereotype,Indian
-70.11982,49.93686,anti-stereotype,Egyptian
105.61467,12.009513,anti-stereotype,Korean
25.574398,51.460903,anti-stereotype,Indian
43.90388,-55.523857,anti-stereotype,Brazilian
21.52454,52.950188,anti-stereotype,Indian
28.962227,2.3525255,anti-stereotype,American
-4.4369535,110.25423,anti-stereotype,Nigerian
3.6092873,42.41626,anti-stereotype,Pakistani
-68.49928,-11.88464,anti-stereotype,Russian
-42.299896,-13.099436,anti-stereotype,Indonesian
-21.622261,-96.24887,anti-stereotype,French
-21.622261,-96.24887,anti-stereotype,French
63.16244,-21.042166,anti-stereotype,Chinese
-1.0063845,20.230778,anti-stereotype,Turkish
-13.554337,-90.30372,anti-stereotype,French
61.586273,89.46272,anti-stereotype,Indonesian
91.83296,46.092155,anti-stereotype,Chinese
21.310463,-122.50687,anti-stereotype,Italian
38.146496,7.864512,anti-stereotype,Chinese
25.574398,51.460903,anti-stereotype,Indian
-17.161436,-95.685356,anti-stereotype,French
35.437363,-16.317402,anti-stereotype,Mexican
15.862786,-1.4237763,anti-stereotype,German
114.47625,25.02418,anti-stereotype,Korean
-15.390138,41.93977,anti-stereotype,Egyptian
23.911312,-32.277443,anti-stereotype,Brazilian
-57.633232,4.1257105,anti-stereotype,Iranian
-53.865173,103.77193,anti-stereotype,Pakistani
15.862786,-1.4237763,anti-stereotype,German
55.07673,45.191704,anti-stereotype,Indonesian
136.02026,-32.663567,anti-stereotype,Vietnamese
-52.32007,-79.46354,anti-stereotype,German
31.819237,-5.6274114,anti-stereotype,Mexican
-65.60882,92.463066,anti-stereotype,Pakistani
130.03198,-38.974762,anti-stereotype,Vietnamese
-53.865173,103.77193,anti-stereotype,Pakistani
-33.771793,22.650642,anti-stereotype,Iranian
-95.34633,-24.89762,anti-stereotype,Russian
-41.936733,-44.459816,anti-stereotype,American
67.20747,9.342361,anti-stereotype,Japanese
5.5587215,7.2786293,anti-stereotype,Russian
15.862786,-1.4237763,anti-stereotype,German
18.740686,102.8434,anti-stereotype,Nigerian
84.96843,58.88495,anti-stereotype,Indonesian
45.37104,8.541549,anti-stereotype,Chinese
0.27230266,-71.85267,anti-stereotype,French
58.712185,-49.94393,anti-stereotype,Mexican
51.925274,50.147,anti-stereotype,Indonesian
-53.36606,41.61328,anti-stereotype,Arab
58.488426,98.07388,anti-stereotype,Indonesian
-106.45455,-9.561965,anti-stereotype,Russian
-34.41996,86.355896,anti-stereotype,Arab
6.7677317,85.195595,anti-stereotype,Indian
114.47625,25.02418,anti-stereotype,Korean
116.26021,-45.90525,anti-stereotype,Vietnamese
46.845905,-2.2377741,anti-stereotype,Chinese
-19.798565,75.6253,anti-stereotype,Turkish
-95.34633,-24.89762,anti-stereotype,Russian
25.574398,51.460903,anti-stereotype,Indian
-65.60882,92.463066,anti-stereotype,Pakistani
81.026794,0.11283604,anti-stereotype,Japanese
-57.633232,4.1257105,anti-stereotype,Iranian
-109.432846,-7.445724,anti-stereotype,Russian
26.36516,11.185208,anti-stereotype,American
-53.227093,-20.192598,anti-stereotype,British
-22.352032,30.037287,anti-stereotype,Iranian
-54.436108,-45.065826,anti-stereotype,British
-52.32007,-79.46354,anti-stereotype,German
48.274742,28.745922,anti-stereotype,Korean
-23.673203,20.315853,anti-stereotype,Iranian
-5.025249,-53.143368,anti-stereotype,Brazilian
-27.046371,51.251133,anti-stereotype,Turkish
8.076634,-84.84385,anti-stereotype,French
91.83296,46.092155,anti-stereotype,Chinese
83.37924,62.20466,anti-stereotype,Indonesian
113.97334,-28.908096,anti-stereotype,Vietnamese
78.024216,40.600945,anti-stereotype,Japanese
21.310463,-122.50687,anti-stereotype,Italian
27.551353,-50.410053,anti-stereotype,Brazilian
-14.036376,-38.96642,anti-stereotype,American
-48.103485,5.444944,anti-stereotype,Egyptian
-57.633232,4.1257105,anti-stereotype,Iranian
32.506958,41.098167,anti-stereotype,Indian
101.156525,12.796293,anti-stereotype,Korean
-4.1262856,-49.286976,anti-stereotype,Brazilian
3.7583587,112.51069,anti-stereotype,Nigerian
-11.736526,35.85282,anti-stereotype,Egyptian
-65.33374,-45.325123,anti-stereotype,British
-40.311245,-4.332163,anti-stereotype,Nigerian
-34.41996,86.355896,anti-stereotype,Arab
-34.82464,26.029232,anti-stereotype,Iranian
-5.025249,-53.143368,anti-stereotype,Brazilian
-59.682796,-46.436157,anti-stereotype,British
55.397205,95.06435,anti-stereotype,Indonesian
22.111847,49.260166,anti-stereotype,Indian
25.988178,-39.04852,anti-stereotype,Brazilian
33.355427,113.05048,anti-stereotype,Nigerian
54.015423,30.106337,anti-stereotype,Korean
-23.673203,20.315853,anti-stereotype,Iranian
56.738354,59.765312,anti-stereotype,Indonesian
36.40625,-116.481964,anti-stereotype,Italian
-34.82464,26.029232,anti-stereotype,Iranian
55.07673,45.191704,anti-stereotype,Indonesian
-31.081516,75.935074,anti-stereotype,Iranian
-58.2675,-75.94869,anti-stereotype,German
-13.328134,-62.787006,anti-stereotype,French
33.355427,113.05048,anti-stereotype,Nigerian
-49.22924,39.11628,anti-stereotype,Arab
6.7677317,85.195595,anti-stereotype,Indian
-11.736526,35.85282,anti-stereotype,Egyptian
-69.23079,90.24295,anti-stereotype,Pakistani
55.07673,45.191704,anti-stereotype,Indonesian
-97.53243,17.21124,anti-stereotype,Turkish
105.61467,12.009513,anti-stereotype,Korean
-27.046371,51.251133,anti-stereotype,Turkish
-16.389236,-8.052,anti-stereotype,American
-56.594425,-47.999603,anti-stereotype,British
-56.545376,-8.072399,anti-stereotype,Pakistani
46.845905,-2.2377741,anti-stereotype,Chinese
-57.633232,4.1257105,anti-stereotype,Iranian
104.70684,48.959225,anti-stereotype,Korean
-28.761671,-12.737091,anti-stereotype,Russian
63.072144,-28.94673,anti-stereotype,Chinese
81.49967,42.547955,anti-stereotype,Japanese
20.617733,-73.018425,anti-stereotype,Brazilian
15.862786,-1.4237763,anti-stereotype,German
26.36516,11.185208,anti-stereotype,American
-4.4369535,110.25423,anti-stereotype,Nigerian
8.986232,-32.579567,anti-stereotype,French
36.40625,-116.481964,anti-stereotype,Italian
-14.89546,-64.86338,anti-stereotype,French
113.00445,12.370366,anti-stereotype,Korean
28.3727,86.659706,anti-stereotype,Indian
-34.573044,105.59912,anti-stereotype,Pakistani
15.581674,108.21465,anti-stereotype,Nigerian
21.310463,-122.50687,anti-stereotype,Italian
28.954163,-70.14852,anti-stereotype,Brazilian
-108.656525,-11.871681,anti-stereotype,Russian
130.03198,-38.974762,anti-stereotype,Vietnamese
1.7561504,17.774916,anti-stereotype,Turkish
130.03198,-38.974762,anti-stereotype,Vietnamese
-112.08507,-10.637431,anti-stereotype,Russian
-57.913677,-43.907413,anti-stereotype,British
33.355427,113.05048,anti-stereotype,Nigerian
-19.798565,75.6253,anti-stereotype,Turkish
-91.679855,-23.46115,anti-stereotype,Russian
24.048151,55.440712,anti-stereotype,Indian
-28.771273,-16.457924,anti-stereotype,Russian
-25.639013,-55.782825,anti-stereotype,German
-25.976292,-31.570398,anti-stereotype,British
-27.046371,51.251133,anti-stereotype,Turkish
-16.389236,-8.052,anti-stereotype,American
-56.545376,-8.072399,anti-stereotype,Pakistani
-49.005478,-62.461506,anti-stereotype,German
58.712185,-49.94393,anti-stereotype,Mexican
81.026794,0.11283604,anti-stereotype,Japanese
-20.530392,-100.98948,anti-stereotype,French
23.215271,102.46189,anti-stereotype,Nigerian
-53.865173,103.77193,anti-stereotype,Pakistani
55.92334,-51.922134,anti-stereotype,Mexican
-25.867756,40.108128,anti-stereotype,Egyptian
113.97334,-28.908096,anti-stereotype,Vietnamese
-112.08507,-10.637431,anti-stereotype,Russian
133.66383,-60.7745,anti-stereotype,Vietnamese
19.524803,8.337517,anti-stereotype,British
114.47625,25.02418,anti-stereotype,Korean
63.89144,92.82553,anti-stereotype,Indonesian
-41.936733,-44.459816,anti-stereotype,American
-2.5312243,-111.454254,anti-stereotype,Italian
63.072144,-28.94673,anti-stereotype,Chinese
-24.966877,29.296001,anti-stereotype,Iranian
-2.3110447,-74.27897,anti-stereotype,French
105.61467,12.009513,anti-stereotype,Korean
-61.27545,3.5075114,anti-stereotype,Iranian
11.758491,80.25088,anti-stereotype,Indian
73.23545,-2.960354,anti-stereotype,Japanese
44.318214,-39.31699,anti-stereotype,Mexican
28.493334,-37.981586,anti-stereotype,Brazilian
-25.867756,40.108128,anti-stereotype,Egyptian
-49.563026,25.701006,anti-stereotype,Iranian
-40.365826,-22.069473,anti-stereotype,Mexican
-5.7380795,-72.02186,anti-stereotype,French
-24.385494,-99.93031,anti-stereotype,French
114.47625,25.02418,anti-stereotype,Korean
28.3727,86.659706,anti-stereotype,Indian
-4.4369535,110.25423,anti-stereotype,Nigerian
22.800343,-75.47325,anti-stereotype,Brazilian
55.07673,45.191704,anti-stereotype,Indonesian
-68.49928,-11.88464,anti-stereotype,Russian
136.30693,-60.560963,anti-stereotype,Vietnamese
-63.783527,-4.0503664,anti-stereotype,Turkish
28.954163,-70.14852,anti-stereotype,Brazilian
78.024216,40.600945,anti-stereotype,Japanese
33.355427,113.05048,anti-stereotype,Nigerian
64.5475,7.5825577,anti-stereotype,Japanese
-97.02335,9.736238,anti-stereotype,Turkish
-25.614958,-14.522223,anti-stereotype,Russian
-34.41996,86.355896,anti-stereotype,Arab
25.574398,51.460903,anti-stereotype,Indian
36.40625,-116.481964,anti-stereotype,Italian
-68.49928,-11.88464,anti-stereotype,Russian
-65.35501,54.608322,anti-stereotype,Egyptian
115.534676,-11.684845,anti-stereotype,Korean
73.23545,-2.960354,anti-stereotype,Japanese
105.61467,12.009513,anti-stereotype,Korean
-2.7041674,-114.07981,anti-stereotype,Italian
33.355427,113.05048,anti-stereotype,Nigerian
-65.35501,54.608322,anti-stereotype,Egyptian
59.322887,93.1449,anti-stereotype,Indonesian
-28.456902,-53.333317,anti-stereotype,German
104.70684,48.959225,anti-stereotype,Korean
115.534676,-11.684845,anti-stereotype,Korean
28.954163,-70.14852,anti-stereotype,Brazilian
104.70684,48.959225,anti-stereotype,Korean
-25.270298,85.77982,anti-stereotype,Egyptian
28.962227,2.3525255,anti-stereotype,American
-8.231746,44.677902,anti-stereotype,Arab
-48.96134,-19.304071,anti-stereotype,American
33.355427,113.05048,anti-stereotype,Nigerian
-27.046371,51.251133,anti-stereotype,Turkish
-8.231746,44.677902,anti-stereotype,Arab
-51.75532,25.225962,anti-stereotype,Iranian
59.322887,93.1449,anti-stereotype,Indonesian
59.322887,93.1449,anti-stereotype,Indonesian
-5.025249,-53.143368,anti-stereotype,Brazilian
-21.622261,-96.24887,anti-stereotype,French
23.911312,-32.277443,anti-stereotype,Brazilian
26.533966,38.3543,anti-stereotype,Indian
15.735522,-5.140871,anti-stereotype,German
81.26556,59.13367,anti-stereotype,Indonesian
-24.85078,88.890656,anti-stereotype,Egyptian
43.90388,-55.523857,anti-stereotype,Brazilian
-94.15575,-14.983335,anti-stereotype,Russian
-13.554337,-90.30372,anti-stereotype,French
-34.41996,86.355896,anti-stereotype,Arab
-17.687468,-99.085144,anti-stereotype,French
-45.503933,-44.799946,anti-stereotype,American
-108.50416,-15.161983,anti-stereotype,Russian
43.90388,-55.523857,anti-stereotype,Brazilian
-53.36606,41.61328,anti-stereotype,Arab
-70.11982,49.93686,anti-stereotype,Egyptian
-67.11791,-43.15898,anti-stereotype,British
-28.494513,39.76856,anti-stereotype,Egyptian
114.47625,25.02418,anti-stereotype,Korean
-57.633232,4.1257105,anti-stereotype,Iranian
62.49089,96.870575,anti-stereotype,Indonesian
-37.345734,39.461372,anti-stereotype,Arab
-23.673203,20.315853,anti-stereotype,Iranian
21.310463,-122.50687,anti-stereotype,Italian
-28.456902,-53.333317,anti-stereotype,German
38.146496,7.864512,anti-stereotype,Chinese
-15.125666,-14.17281,anti-stereotype,British
-15.8303385,-36.981373,anti-stereotype,American
-40.311245,-4.332163,anti-stereotype,Nigerian
20.677961,-3.7954597,anti-stereotype,German
105.61467,12.009513,anti-stereotype,Korean
-37.523556,-5.555997,anti-stereotype,Nigerian
-53.227093,-20.192598,anti-stereotype,British
55.07673,45.191704,anti-stereotype,Indonesian
63.072144,-28.94673,anti-stereotype,Chinese
-66.14623,-14.338632,anti-stereotype,Russian
-15.390138,41.93977,anti-stereotype,Egyptian
62.49089,96.870575,anti-stereotype,Indonesian
83.37924,62.20466,anti-stereotype,Indonesian
-42.19962,-22.750074,anti-stereotype,Mexican
63.16244,-21.042166,anti-stereotype,Chinese
130.03198,-38.974762,anti-stereotype,Vietnamese
66.13569,12.46148,anti-stereotype,Japanese
-42.299896,-13.099436,anti-stereotype,Indonesian
-69.46782,-15.128557,anti-stereotype,Russian
-25.270298,85.77982,anti-stereotype,Egyptian
-50.69592,-1.9103508,anti-stereotype,Arab
54.015423,30.106337,anti-stereotype,Korean
-59.80733,96.57522,anti-stereotype,Pakistani
81.49967,42.547955,anti-stereotype,Japanese
-25.639013,-55.782825,anti-stereotype,German
-50.69592,-1.9103508,anti-stereotype,Arab
21.310463,-122.50687,anti-stereotype,Italian
54.015423,30.106337,anti-stereotype,Korean
-50.10889,-82.39473,anti-stereotype,German
-58.2675,-75.94869,anti-stereotype,German
-109.432846,-7.445724,anti-stereotype,Russian
-50.10889,-82.39473,anti-stereotype,German
56.738354,59.765312,anti-stereotype,Indonesian
8.604869,37.51433,anti-stereotype,Pakistani
-25.976292,-31.570398,anti-stereotype,British
21.310463,-122.50687,anti-stereotype,Italian
30.616982,-48.864635,anti-stereotype,Brazilian
-33.510334,101.775375,anti-stereotype,Pakistani
-50.04557,21.688372,anti-stereotype,Iranian
23.215271,102.46189,anti-stereotype,Nigerian
-34.41996,86.355896,anti-stereotype,Arab
15.862786,-1.4237763,anti-stereotype,German
-21.622261,-96.24887,anti-stereotype,French
31.854546,84.992226,anti-stereotype,Indian
-24.966877,29.296001,anti-stereotype,Iranian
3.7583587,112.51069,anti-stereotype,Nigerian
-27.046371,51.251133,anti-stereotype,Turkish
-81.611916,33.69961,neutral,Iranian
-95.78608,37.442295,neutral,Iranian
-79.87719,75.363,neutral,Egyptian
-91.56778,-85.97936,neutral,American
-111.74993,-37.93635,neutral,Russian
38.560696,-84.957855,neutral,Brazilian
-63.002808,-96.407196,neutral,German
-109.36578,-33.96045,neutral,Russian
99.91715,-18.965528,neutral,Japanese
10.022156,-130.10805,neutral,Italian
138.42935,27.064428,neutral,Korean
-118.50299,15.645475,neutral,Turkish
79.076485,-41.32423,neutral,Chinese
-32.83481,-114.71019,neutral,French
116.99024,-64.71737,neutral,Vietnamese
-57.99475,-99.40714,neutral,German
-100.5038,76.047226,neutral,Arab
-102.93776,39.609306,neutral,Iranian
114.93261,-58.33822,neutral,Vietnamese
-88.75187,70.421364,neutral,Egyptian
79.91428,84.65606,neutral,Indonesian
126.15432,17.063145,neutral,Korean
-87.06455,106.75886,neutral,Pakistani
77.80604,-85.72678,neutral,Mexican
-129.49504,-33.102543,neutral,Russian
41.84125,-78.536415,neutral,Brazilian
42.149834,-87.36013,neutral,Brazilian
0.52256286,-130.67183,neutral,Italian
-2.1809537,71.0731,neutral,Indian
-77.94795,117.94234,neutral,Pakistani
78.48414,-89.627205,neutral,Mexican
85.916306,-39.1195,neutral,Chinese
-52.65262,-100.17807,neutral,German
-19.705051,-126.65834,neutral,French
132.6478,21.971048,neutral,Korean
6.5562887,70.82698,neutral,Indian
-31.404041,-118.61908,neutral,French
121.80313,-55.690598,neutral,Vietnamese
79.541214,-17.529568,neutral,Japanese
73.059006,-39.91195,neutral,Chinese
-101.35864,-89.405525,neutral,British
76.158104,-19.530138,neutral,Japanese
11.834127,68.36216,neutral,Indian
11.431775,-141.09001,neutral,Italian
72.78658,-81.14129,neutral,Mexican
114.1066,-64.976425,neutral,Vietnamese
-81.43745,-53.08914,neutral,British
-32.538807,-132.83139,neutral,French
-73.1609,105.10217,neutral,Pakistani
21.305235,-139.48099,neutral,Italian
79.541214,-17.529568,neutral,Japanese
2.1450706,127.84826,neutral,Nigerian
88.4903,-56.965298,neutral,Chinese
133.36172,1.1318204,neutral,Korean
51.358715,-102.67366,neutral,Brazilian
7.9209476,123.343994,neutral,Nigerian
-25.681297,-112.77903,neutral,French
-20.087008,-130.06764,neutral,French
123.67666,-65.093735,neutral,Vietnamese
79.91428,84.65606,neutral,Indonesian
-86.644615,41.580982,neutral,Iranian
-2.1809537,71.0731,neutral,Indian
-92.20011,57.03575,neutral,Egyptian
-104.09987,58.39903,neutral,Arab
-44.36579,-116.52954,neutral,French
78.48414,-89.627205,neutral,Mexican
138.42935,27.064428,neutral,Korean
94.2427,-16.406458,neutral,Japanese
-73.621574,-101.94679,neutral,German
3.8196766,-128.81766,neutral,Italian
-130.84103,-36.58179,neutral,Russian
21.305235,-139.48099,neutral,Italian
-81.43745,-53.08914,neutral,British
121.80313,-55.690598,neutral,Vietnamese
54.762844,-92.22301,neutral,Brazilian
79.91428,84.65606,neutral,Indonesian
-32.538807,-132.83139,neutral,French
99.91715,-18.965528,neutral,Japanese
-32.538807,-132.83139,neutral,French
121.80313,-55.690598,neutral,Vietnamese
-96.094734,85.7499,neutral,Arab
-65.04393,115.76703,neutral,Pakistani
-104.09987,58.39903,neutral,Arab
-114.6784,-29.149887,neutral,Russian
79.487595,-21.509136,neutral,Japanese
-105.326004,43.287746,neutral,Iranian
-40.573315,-113.58902,neutral,French
-63.419876,111.99031,neutral,Pakistani
-112.515526,17.009726,neutral,Turkish
89.21205,-11.585653,neutral,Japanese
114.63325,-54.35763,neutral,Vietnamese
1.1534077,124.16156,neutral,Nigerian
114.1066,-64.976425,neutral,Vietnamese
124.80557,12.733615,neutral,Korean
-107.77082,-76.922104,neutral,British
-124.92743,-47.993042,neutral,Russian
7.9209476,123.343994,neutral,Nigerian
18.467234,135.74702,neutral,Nigerian
-87.06455,106.75886,neutral,Pakistani
90.68518,95.11578,neutral,Indonesian
-114.6784,-29.149887,neutral,Russian
-122.18646,26.798807,neutral,Turkish
-95.78608,37.442295,neutral,Iranian
-25.681297,-112.77903,neutral,French
-40.701447,-118.34353,neutral,French
-78.39689,60.09027,neutral,Egyptian
-131.64207,19.980785,neutral,Turkish
-61.362885,-88.44341,neutral,German
-32.538807,-132.83139,neutral,French
35.59754,-92.03487,neutral,Brazilian
-116.3577,18.262749,neutral,Turkish
-101.35864,-89.405525,neutral,British
-111.40094,22.814373,neutral,Turkish
50.507317,-92.73936,neutral,Brazilian
-87.06455,106.75886,neutral,Pakistani
93.22893,-9.681003,neutral,Japanese
-101.35864,-89.405525,neutral,British
-31.404041,-118.61908,neutral,French
-107.77082,-76.922104,neutral,British
73.11236,-78.697296,neutral,Mexican
-40.573315,-113.58902,neutral,French
135.07999,28.873919,neutral,Korean
-104.09987,58.39903,neutral,Arab
14.431061,137.03424,neutral,Nigerian
52.28903,-88.78951,neutral,Brazilian
79.91428,84.65606,neutral,Indonesian
89.21205,-11.585653,neutral,Japanese
79.076485,-41.32423,neutral,Chinese
-81.43745,-53.08914,neutral,British
-122.18646,26.798807,neutral,Turkish
51.358715,-102.67366,neutral,Brazilian
7.9209476,123.343994,neutral,Nigerian
-93.26846,87.68725,neutral,Arab
35.59754,-92.03487,neutral,Brazilian
-40.573315,-113.58902,neutral,French
-93.59705,-56.527157,neutral,American
-70.7809,111.041306,neutral,Pakistani
-60.337887,-93.87259,neutral,German
90.68518,95.11578,neutral,Indonesian
99.91715,-18.965528,neutral,Japanese
86.04819,-81.12388,neutral,Mexican
-96.094734,85.7499,neutral,Arab
88.5159,-22.61567,neutral,Japanese
-116.20556,12.498807,neutral,Turkish
-84.78252,62.03333,neutral,Egyptian
132.6478,21.971048,neutral,Korean
-92.20011,57.03575,neutral,Egyptian
78.45952,-50.6003,neutral,Chinese
-87.06455,106.75886,neutral,Pakistani
-71.17087,102.1959,neutral,Pakistani
-111.74993,-37.93635,neutral,Russian
-63.419876,111.99031,neutral,Pakistani
-55.208405,-97.88977,neutral,German
78.48414,-89.627205,neutral,Mexican
-101.35864,-89.405525,neutral,British
10.022156,-130.10805,neutral,Italian
-87.855095,61.43441,neutral,Egyptian
-100.5038,76.047226,neutral,Arab
-121.59129,-45.323315,neutral,Russian
-100.5038,76.047226,neutral,Arab
89.21205,-11.585653,neutral,Japanese
-63.419876,111.99031,neutral,Pakistani
8.599133,54.067272,neutral,Indian
54.762844,-92.22301,neutral,Brazilian
11.999709,71.229,neutral,Indian
88.4903,-56.965298,neutral,Chinese
-95.17563,-63.31929,neutral,American
-129.49504,-33.102543,neutral,Russian
-107.77082,-76.922104,neutral,British
80.14428,98.753586,neutral,Indonesian
-91.18234,-70.0075,neutral,American
126.15432,17.063145,neutral,Korean
3.043828,59.064365,neutral,Indian
-55.544823,-101.98084,neutral,German
54.762844,-92.22301,neutral,Brazilian
-70.7809,111.041306,neutral,Pakistani
-85.268,-51.193256,neutral,British
68.01156,-76.889244,neutral,Mexican
3.8196766,-128.81766,neutral,Italian
-111.74993,-37.93635,neutral,Russian
54.762844,-92.22301,neutral,Brazilian
74.33968,-37.384636,neutral,Chinese
-101.35864,-89.405525,neutral,British
-121.15485,-49.293736,neutral,Russian
-77.94795,117.94234,neutral,Pakistani
-88.923355,110.57115,neutral,Pakistani
-77.94795,117.94234,neutral,Pakistani
-107.07064,64.224655,neutral,Arab
-77.5887,72.77326,neutral,Egyptian
12.600745,65.580986,neutral,Indian
-104.77164,-41.321247,neutral,Russian
88.4903,-56.965298,neutral,Chinese
-130.84103,-36.58179,neutral,Russian
89.21205,-11.585653,neutral,Japanese
-40.573315,-113.58902,neutral,French
-40.573315,-113.58902,neutral,French
-65.04393,115.76703,neutral,Pakistani
13.446672,55.217663,neutral,Indian
114.63325,-54.35763,neutral,Vietnamese
80.14428,98.753586,neutral,Indonesian
88.5159,-22.61567,neutral,Japanese
15.168323,67.22212,neutral,Indian
68.01156,-76.889244,neutral,Mexican
35.59754,-92.03487,neutral,Brazilian
142.58888,12.160841,neutral,Korean
11.37272,52.97805,neutral,Indian
-77.5887,72.77326,neutral,Egyptian
140.75893,9.478353,neutral,Korean
10.621206,56.57579,neutral,Indian
42.149834,-87.36013,neutral,Brazilian
10.621206,56.57579,neutral,Indian
-91.40351,-89.087036,neutral,American
2.1450706,127.84826,neutral,Nigerian
-87.06455,106.75886,neutral,Pakistani
-114.6784,-29.149887,neutral,Russian
79.91428,84.65606,neutral,Indonesian
-24.139328,-115.68426,neutral,French
-32.538807,-132.83139,neutral,French
88.4903,-56.965298,neutral,Chinese
-122.18646,26.798807,neutral,Turkish
-19.705051,-126.65834,neutral,French
87.381355,84.42385,neutral,Indonesian
81.07922,-49.94093,neutral,Chinese
10.022156,-130.10805,neutral,Italian
85.916306,-39.1195,neutral,Chinese
-2.1809537,71.0731,neutral,Indian
-32.538807,-132.83139,neutral,French
77.1518,-75.50456,neutral,Mexican
-73.621574,-101.94679,neutral,German
133.36172,1.1318204,neutral,Korean
-77.5887,72.77326,neutral,Egyptian
51.358715,-102.67366,neutral,Brazilian
-91.91717,32.55482,neutral,Iranian
-73.1609,105.10217,neutral,Pakistani
-75.24158,-86.85475,neutral,German
89.09726,80.39828,neutral,Indonesian
114.63325,-54.35763,neutral,Vietnamese
-64.39971,-93.21411,neutral,German
67.20294,-79.94139,neutral,Mexican
-88.923355,110.57115,neutral,Pakistani
121.80313,-55.690598,neutral,Vietnamese
-65.04393,115.76703,neutral,Pakistani
-91.91717,32.55482,neutral,Iranian
-111.74993,-37.93635,neutral,Russian
-95.17563,-63.31929,neutral,American
79.541214,-17.529568,neutral,Japanese
-118.64667,-51.7066,neutral,Russian
-75.24158,-86.85475,neutral,German
-4.690393,127.37145,neutral,Nigerian
85.42297,80.452,neutral,Indonesian
85.916306,-39.1195,neutral,Chinese
-35.274494,-118.72328,neutral,French
67.20294,-79.94139,neutral,Mexican
93.77252,76.931526,neutral,Indonesian
-110.68184,70.37102,neutral,Arab
89.09726,80.39828,neutral,Indonesian
-114.6784,-29.149887,neutral,Russian
-100.5038,76.047226,neutral,Arab
-2.1809537,71.0731,neutral,Indian
138.42935,27.064428,neutral,Korean
123.67666,-65.093735,neutral,Vietnamese
86.51192,-42.600616,neutral,Chinese
-112.515526,17.009726,neutral,Turkish
-117.95458,-47.392372,neutral,Russian
-2.1809537,71.0731,neutral,Indian
-81.72448,117.44993,neutral,Pakistani
94.2427,-16.406458,neutral,Japanese
-95.78608,37.442295,neutral,Iranian
-114.6784,-29.149887,neutral,Russian
-93.59705,-56.527157,neutral,American
-80.7369,-60.34519,neutral,British
-100.85484,43.835335,neutral,Iranian
-81.43745,-53.08914,neutral,British
-72.574875,-98.62278,neutral,German
129.37007,13.546473,neutral,Korean
-86.644615,41.580982,neutral,Iranian
38.560696,-84.957855,neutral,Brazilian
-115.04296,23.385536,neutral,Turkish
-19.705051,-126.65834,neutral,French
81.07922,-49.94093,neutral,Chinese
87.381355,84.42385,neutral,Indonesian
114.93261,-58.33822,neutral,Vietnamese
87.560455,-25.576609,neutral,Japanese
3.5657253,-132.90262,neutral,Italian
42.149834,-87.36013,neutral,Brazilian
-93.59705,-56.527157,neutral,American
-88.75187,70.421364,neutral,Egyptian
-81.611916,33.69961,neutral,Iranian
4.476497,67.89138,neutral,Indian
132.6478,21.971048,neutral,Korean
38.560696,-84.957855,neutral,Brazilian
-4.690393,127.37145,neutral,Nigerian
-78.39689,60.09027,neutral,Egyptian
-80.12486,-66.57773,neutral,British
1.1534077,124.16156,neutral,Nigerian
-103.38248,64.318016,neutral,Arab
-95.78608,37.442295,neutral,Iranian
35.59754,-92.03487,neutral,Brazilian
-80.7369,-60.34519,neutral,British
99.68103,82.373665,neutral,Indonesian
-2.1809537,71.0731,neutral,Indian
50.507317,-92.73936,neutral,Brazilian
14.431061,137.03424,neutral,Nigerian
129.37007,13.546473,neutral,Korean
-100.85484,43.835335,neutral,Iranian
80.14428,98.753586,neutral,Indonesian
11.431775,-141.09001,neutral,Italian
-93.95879,41.282913,neutral,Iranian
95.98899,80.29271,neutral,Indonesian
-100.85484,43.835335,neutral,Iranian
-55.544823,-101.98084,neutral,German
-32.538807,-132.83139,neutral,French
-4.690393,127.37145,neutral,Nigerian
-110.68184,70.37102,neutral,Arab
4.476497,67.89138,neutral,Indian
-92.20011,57.03575,neutral,Egyptian
-73.1609,105.10217,neutral,Pakistani
90.68518,95.11578,neutral,Indonesian
-128.50629,20.792786,neutral,Turkish
132.6478,21.971048,neutral,Korean
-128.50629,20.792786,neutral,Turkish
-106.67388,-67.3829,neutral,American
-107.77082,-76.922104,neutral,British
-69.43616,105.07961,neutral,Pakistani
88.4903,-56.965298,neutral,Chinese
-81.611916,33.69961,neutral,Iranian
132.6478,21.971048,neutral,Korean
-124.92743,-47.993042,neutral,Russian
73.059006,-39.91195,neutral,Chinese
90.61375,-24.925148,neutral,Japanese
45.64606,-80.32336,neutral,Brazilian
-77.32051,-89.94482,neutral,German
-91.18234,-70.0075,neutral,American
15.40518,132.89548,neutral,Nigerian
-32.538807,-132.83139,neutral,French
21.305235,-139.48099,neutral,Italian
-31.404041,-118.61908,neutral,French
133.36172,1.1318204,neutral,Korean
14.85729,70.15882,neutral,Indian
-77.94795,117.94234,neutral,Pakistani
18.467234,135.74702,neutral,Nigerian
10.022156,-130.10805,neutral,Italian
41.84125,-78.536415,neutral,Brazilian
-127.17411,-35.97424,neutral,Russian
108.80518,-56.622208,neutral,Vietnamese
-112.582275,13.341841,neutral,Turkish
114.93261,-58.33822,neutral,Vietnamese
-121.59129,-45.323315,neutral,Russian
-101.35864,-89.405525,neutral,British
7.9209476,123.343994,neutral,Nigerian
-115.04296,23.385536,neutral,Turkish
-111.74993,-37.93635,neutral,Russian
4.476497,67.89138,neutral,Indian
-111.74993,-37.93635,neutral,Russian
-77.32051,-89.94482,neutral,German
-81.43745,-53.08914,neutral,British
-111.40094,22.814373,neutral,Turkish
-95.17563,-63.31929,neutral,American
-63.419876,111.99031,neutral,Pakistani
-63.002808,-96.407196,neutral,German
78.48414,-89.627205,neutral,Mexican
93.22893,-9.681003,neutral,Japanese
-24.139328,-115.68426,neutral,French
5.529795,133.3375,neutral,Nigerian
-77.94795,117.94234,neutral,Pakistani
77.1518,-75.50456,neutral,Mexican
-78.39689,60.09027,neutral,Egyptian
121.80313,-55.690598,neutral,Vietnamese
-114.6784,-29.149887,neutral,Russian
108.80518,-56.622208,neutral,Vietnamese
-85.175255,-55.22323,neutral,British
129.37007,13.546473,neutral,Korean
87.381355,84.42385,neutral,Indonesian
-95.17563,-63.31929,neutral,American
9.595306,-134.07834,neutral,Italian
85.916306,-39.1195,neutral,Chinese
-102.93776,39.609306,neutral,Iranian
-40.573315,-113.58902,neutral,French
136.35713,19.414412,neutral,Korean
-86.644615,41.580982,neutral,Iranian
0.025302477,58.31482,neutral,Indian
93.22893,-9.681003,neutral,Japanese
86.04819,-81.12388,neutral,Mexican
35.59754,-92.03487,neutral,Brazilian
-79.87719,75.363,neutral,Egyptian
-95.78608,37.442295,neutral,Iranian
78.48414,-89.627205,neutral,Mexican
-32.83481,-114.71019,neutral,French
-20.087008,-130.06764,neutral,French
136.35713,19.414412,neutral,Korean
0.025302477,58.31482,neutral,Indian
1.1534077,124.16156,neutral,Nigerian
42.149834,-87.36013,neutral,Brazilian
80.14428,98.753586,neutral,Indonesian
-107.27473,-36.73072,neutral,Russian
121.80313,-55.690598,neutral,Vietnamese
-129.97908,17.34377,neutral,Turkish
35.59754,-92.03487,neutral,Brazilian
89.65628,-7.263139,neutral,Japanese
5.529795,133.3375,neutral,Nigerian
79.487595,-21.509136,neutral,Japanese
-126.96575,17.897783,neutral,Turkish
-123.55277,-52.05825,neutral,Russian
-107.722885,58.28314,neutral,Arab
-2.1809537,71.0731,neutral,Indian
9.595306,-134.07834,neutral,Italian
-104.77164,-41.321247,neutral,Russian
-84.78252,62.03333,neutral,Egyptian
129.37007,13.546473,neutral,Korean
89.65628,-7.263139,neutral,Japanese
129.37007,13.546473,neutral,Korean
3.5657253,-132.90262,neutral,Italian
7.9209476,123.343994,neutral,Nigerian
-78.16608,63.63243,neutral,Egyptian
82.07043,101.62087,neutral,Indonesian
-72.574875,-98.62278,neutral,German
136.35713,19.414412,neutral,Korean
129.37007,13.546473,neutral,Korean
45.64606,-80.32336,neutral,Brazilian
142.58888,12.160841,neutral,Korean
-88.62857,73.58492,neutral,Egyptian
-91.18234,-70.0075,neutral,American
-104.09987,58.39903,neutral,Arab
-91.40351,-89.087036,neutral,American
15.40518,132.89548,neutral,Nigerian
-115.37301,15.335264,neutral,Turkish
-112.39662,67.196976,neutral,Arab
-95.78608,37.442295,neutral,Iranian
97.35831,76.32321,neutral,Indonesian
79.91428,84.65606,neutral,Indonesian
54.762844,-92.22301,neutral,Brazilian
-44.36579,-116.52954,neutral,French
51.358715,-102.67366,neutral,Brazilian
0.025302477,58.31482,neutral,Indian
-75.24158,-86.85475,neutral,German
96.59967,84.26117,neutral,Indonesian
-85.43372,58.73613,neutral,Egyptian
45.64606,-80.32336,neutral,Brazilian
-107.14018,-43.379425,neutral,Russian
-31.404041,-118.61908,neutral,French
-110.68184,70.37102,neutral,Arab
-32.538807,-132.83139,neutral,French
-106.67388,-67.3829,neutral,American
-121.15485,-49.293736,neutral,Russian
45.64606,-80.32336,neutral,Brazilian
-92.95818,84.29162,neutral,Arab
-92.20011,57.03575,neutral,Egyptian
-80.7369,-60.34519,neutral,British
-92.20011,57.03575,neutral,Egyptian
129.37007,13.546473,neutral,Korean
-105.326004,43.287746,neutral,Iranian
99.905525,78.82572,neutral,Indonesian
-105.10885,67.00164,neutral,Arab
-105.326004,43.287746,neutral,Iranian
0.52256286,-130.67183,neutral,Italian
-64.20002,-88.04713,neutral,German
79.076485,-41.32423,neutral,Chinese
-80.7369,-60.34519,neutral,British
-91.40351,-89.087036,neutral,American
-4.690393,127.37145,neutral,Nigerian
-57.330452,-104.903786,neutral,German
130.27443,1.0387545,neutral,Korean
-4.690393,127.37145,neutral,Nigerian
-81.43745,-53.08914,neutral,British
95.98899,80.29271,neutral,Indonesian
79.076485,-41.32423,neutral,Chinese
-114.6784,-29.149887,neutral,Russian
-78.39689,60.09027,neutral,Egyptian
90.52462,86.91007,neutral,Indonesian
95.98899,80.29271,neutral,Indonesian
74.657196,-88.46534,neutral,Mexican
88.4903,-56.965298,neutral,Chinese
108.80518,-56.622208,neutral,Vietnamese
79.541214,-17.529568,neutral,Japanese
91.33634,83.55561,neutral,Indonesian
-111.74993,-37.93635,neutral,Russian
-88.75187,70.421364,neutral,Egyptian
-105.10885,67.00164,neutral,Arab
140.75893,9.478353,neutral,Korean
-70.7809,111.041306,neutral,Pakistani
99.91715,-18.965528,neutral,Japanese
-61.362885,-88.44341,neutral,German
-92.95818,84.29162,neutral,Arab
21.305235,-139.48099,neutral,Italian
138.42935,27.064428,neutral,Korean
-73.621574,-101.94679,neutral,German
-77.32051,-89.94482,neutral,German
-130.84103,-36.58179,neutral,Russian
-59.525005,-102.257614,neutral,German
90.68518,95.11578,neutral,Indonesian
-87.06455,106.75886,neutral,Pakistani
-82.38987,-66.43223,neutral,British
14.542646,-132.217,neutral,Italian
41.84125,-78.536415,neutral,Brazilian
-70.7809,111.041306,neutral,Pakistani
-100.85484,43.835335,neutral,Iranian
14.431061,137.03424,neutral,Nigerian
-110.68184,70.37102,neutral,Arab
-63.002808,-96.407196,neutral,German
-44.88614,-112.13995,neutral,French
7.4356146,66.16142,neutral,Indian
-81.611916,33.69961,neutral,Iranian
18.467234,135.74702,neutral,Nigerian
-115.04296,23.385536,neutral,Turkish
